"correlationLowerBound","correlationUpperBound","correlation","correlationPear","distance","upToAirQuality","valueToUse","samples","latitudeStart"
0.105388125370609,0.239377503353193,0.167186034905925,0.0601370236616932,6000,60,"aqi",850,40.22787247
0.104734125113503,0.238251203843152,0.166154389703974,0.0675735881048245,6000,58,"aqi",842,40.22787247
0.0990601392867587,0.232857256619059,0.164459043975374,0.0573687602258657,6000,16,"pm2_5",849,40.22787247
0.0964545497789001,0.223852366626829,0.157318379577187,0.0448609617855239,6000,28,"pm2_5",890,40.22787247
0.0954327319974749,0.222253573931166,0.158706111643848,0.054552868396276,6000,50,"pm2_5",893,40.22787247
0.0942479305182932,0.223691688287305,0.156866493530462,0.050777861113666,6000,24,"pm2_5",887,40.22787247
0.0909803221439582,0.224300510359433,0.159089311696544,0.060171885870637,6000,30,"pm2_5",892,40.22787247
0.0906290800438038,0.198782764157299,0.143027398347903,0.0592057000916109,8000,50,"pm2_5",1232,40.22787247
0.0901955638706806,0.221480440547638,0.158157906823328,0.0546223922358364,6000,22,"pm2_5",884,40.22787247
0.0891514471214426,0.199669650021024,0.142990936195311,0.0634368834629306,8000,30,"pm2_5",1231,40.22787247
0.0876800512814995,0.214499688863693,0.152252458537363,0.0499941123945052,6000,20,"pm2_5",877,40.22787247
0.0872582476667699,0.214416975509796,0.156491576169063,0.0487790574528123,6000,26,"pm2_5",888,40.22787247
0.0865607647588419,0.218074034236009,0.157236949740875,0.047795182227916,6000,18,"pm2_5",868,40.22787247
0.0865173953593245,0.224730088243518,0.154939031459613,0.0754839785600817,6000,56,"aqi",831,40.22787247
0.0861631914074211,0.195775515328453,0.141199698876597,0.0495660451409442,8000,28,"pm2_5",1229,40.22787247
0.0839979925161951,0.195067773314142,0.140023266604157,0.0536738830955687,8000,24,"pm2_5",1226,40.22787247
0.0831941242613453,0.197491022970482,0.140995323352399,0.0584411234133785,8000,22,"pm2_5",1221,40.22787247
0.0831857409744926,0.195721492498741,0.140068874947584,0.0522871671286346,8000,26,"pm2_5",1227,40.22787247
0.0789862653518689,0.191803305050078,0.135658215783339,0.0564676660106426,8000,60,"aqi",1183,40.22787247
0.0783274334353798,0.189753994628648,0.133281680401296,0.0537443960968018,8000,20,"pm2_5",1213,40.22787247
0.0778485595868399,0.2168764438601,0.143571528714314,0.0836336486334371,6000,54,"aqi",812,40.22787247
0.0755962106749725,0.218740336408463,0.151783912224051,0.0694750015306359,6000,14,"pm2_5",827,40.22787247
0.0749643250779631,0.193218691160982,0.133581012088251,0.0558137604162528,8000,16,"pm2_5",1182,40.22787247
0.0712168390066564,0.184329819384689,0.134134083279456,0.051060000414705,8000,18,"pm2_5",1202,40.22787247
0.0708845724554948,0.206993015311315,0.138816619678135,0.0826714087548673,6000,52,"aqi",792,40.22787247
0.0704859622857658,0.188645354868055,0.12925325245583,0.0629001269286288,8000,58,"aqi",1171,40.22787247
0.0647467683950483,0.145139817956987,0.104297464777106,0.0301063045159224,10000,50,"pm2_5",2278,38.02080697
0.0634449947165321,0.145780330643569,0.104230379527134,0.0320512957992113,10000,30,"pm2_5",2277,38.02080697
0.0625046500700015,0.143199249827262,0.102426449763416,0.0252129167499733,10000,26,"pm2_5",2272,38.02080697
0.0611612770863247,0.142663542980359,0.103089245980291,0.0238215407491872,10000,28,"pm2_5",2274,38.02080697
0.0605694508828731,0.12483467844073,0.093504670377113,0.0202345767554131,12000,28,"pm2_5",3299,37.7583355
0.0601588678469797,0.128105060586033,0.0924167501673499,0.0240948900489863,12000,24,"pm2_5",3291,37.7583355
0.0598150707586047,0.127343478630119,0.0936049149740815,0.02185215937897,12000,26,"pm2_5",3296,37.7583355
0.0597744108627564,0.141316645872271,0.100939877277908,0.0293300796607693,10000,22,"pm2_5",2264,38.02080697
0.0597297768425957,0.126491470435903,0.0942940165751875,0.0256467648131709,12000,30,"pm2_5",3302,37.7583355
0.0593640119785036,0.127227675791357,0.0943191479566509,0.0242733880671763,12000,50,"pm2_5",3303,37.7583355
0.0585031295469034,0.126832795499813,0.0931933834484687,0.0265073753725219,12000,22,"pm2_5",3285,37.7583355
0.0579339017303166,0.125713969355223,0.092234426937102,0.0211946677341031,12000,60,"aqi",3206,37.7583355
0.0574867971836982,0.140579614886641,0.100650016633876,0.0268916512225937,10000,24,"pm2_5",2269,38.02080697
0.0574754516976509,0.126162960332403,0.0915779068066525,0.0202994565656123,12000,20,"pm2_5",3264,37.7583355
0.0572438396517641,0.139763651175153,0.0994298276733907,0.0237266174060059,10000,20,"pm2_5",2250,38.02080697
0.0564122824749946,0.125984986565042,0.0909330364620574,0.0208518250369738,12000,18,"pm2_5",3241,37.7583355
0.0555501354583998,0.139582983626592,0.0974107002489309,0.024467311919531,10000,60,"aqi",2207,38.02080697
0.0554083452851862,0.123783242665966,0.0890501151668426,0.0238966650430646,12000,58,"aqi",3178,37.7583355
0.0542326264898796,0.126186650499153,0.0915643822214623,0.0206155894925297,12000,16,"pm2_5",3205,37.7583355
0.0530491915517093,0.166637933522903,0.112400247087661,0.060151539360747,8000,56,"aqi",1154,40.22787247
0.0528392169162221,0.191241596953542,0.120549785532731,0.0470031000292903,6000,50,"aqi",783,40.22787247
0.0527218925674626,0.139398986899961,0.0961007316333737,0.0232844656125715,10000,16,"pm2_5",2206,38.02080697
0.0514474462546693,0.134194639984092,0.0932223884190839,0.0304550222896243,10000,58,"aqi",2186,38.02080697
0.0514363524077594,0.108723910417513,0.0786039920079377,0.0255880447544089,14000,24,"pm2_5",4423,36.6163024
0.0513634927132845,0.136787550515624,0.0961953280442158,0.0233129397875407,10000,18,"pm2_5",2233,38.02080697
0.0509559623117047,0.108097533469828,0.0795708458571343,0.0239285977561519,14000,26,"pm2_5",4428,36.6163024
0.0508756946208626,0.108631867910906,0.079557800863103,0.0227128272899697,14000,28,"pm2_5",4431,36.6163024
0.0506872279757626,0.110549239592486,0.0802238530897697,0.0270111037083365,14000,30,"pm2_5",4434,36.6163024
0.0502129528617866,0.108342539596089,0.0786253750274757,0.0252652940640163,14000,60,"aqi",4309,36.6163024
0.0501418546602797,0.108839864091685,0.0794424310175507,0.0258134942506628,14000,34,"pm2_5",4436,36.6163024
0.0501125296564824,0.109081597568908,0.0794830992942181,0.0247942377444062,14000,50,"pm2_5",4437,36.6163024
0.0499644191674394,0.190862739868231,0.118389448712964,0.0441334281472532,6000,12,"pm2_5",785,40.22787247
0.0492480786882564,0.10693167730648,0.0781955587444659,0.0282783539299765,14000,22,"pm2_5",4414,36.6163024
0.0488483878879962,0.103502912125107,0.0754750946802663,0.0222941839614735,16000,30,"pm2_5",5036,36.6163024
0.0475906961296537,0.101509214165232,0.0742742752514649,0.0200095126395535,16000,26,"pm2_5",5028,36.6163024
0.0474680935890117,0.101882910170695,0.0747744830114337,0.0212940448660906,16000,34,"pm2_5",5038,36.6163024
0.0472502786551249,0.106489985696066,0.0767461440045755,0.0241351465506936,14000,20,"pm2_5",4388,36.6163024
0.0471558832093858,0.101109108521036,0.0744245467155891,0.0207173011748299,16000,38,"pm2_5",5039,36.6163024
0.0470461474657053,0.16389588285573,0.10542134052737,0.0554344242899047,8000,14,"pm2_5",1148,40.22787247
0.0469273682705434,0.116009449471159,0.0804212947175057,0.0263798014973003,12000,56,"aqi",3143,37.7583355
0.0469012710718708,0.100897458564343,0.0741081374711042,0.0191157722227134,16000,50,"pm2_5",5041,36.6163024
0.0466940038648929,0.10160822199254,0.0745399636174038,0.0186621009333144,16000,28,"pm2_5",5032,36.6163024
0.0466027163589435,0.106213588952419,0.0776423480736581,0.0246389353481919,14000,16,"pm2_5",4307,36.6163024
0.0465040205614361,0.106670623742186,0.0768697448219733,0.0240789233933878,14000,18,"pm2_5",4358,36.6163024
0.04638739162976,0.100117199767104,0.0734392184988539,0.0217483536875365,16000,24,"pm2_5",5022,36.6163024
0.0460745746316002,0.100417645611282,0.0740748564896892,0.0199211531960224,16000,48,"pm2_5",5040,36.6163024
0.0457300839442891,0.101201346229427,0.0728524680021116,0.022119123549348,16000,60,"aqi",4899,36.6163024
0.0457165525343876,0.187894429536359,0.117379674266085,0.0374416828935199,6000,48,"aqi",767,40.22787247
0.0454861491120225,0.104563213369206,0.0756701914870607,0.0276837992863546,14000,58,"aqi",4278,36.6163024
0.0453578354147395,0.100748996875199,0.073079820314,0.0240252530868469,16000,22,"pm2_5",5013,36.6163024
0.0449500715818828,0.0947164285922449,0.068818848241756,0.0152581373526329,18000,30,"pm2_5",6026,35.79115496
0.0439567644049632,0.093804344327107,0.0684489956905582,0.0141700563582016,18000,34,"pm2_5",6029,35.79115496
0.0436442672845587,0.0927743303359959,0.0681609041330274,0.0137406537846388,18000,38,"pm2_5",6030,35.79115496
0.0432960738406565,0.0998728719037463,0.0718525060694944,0.0213742766121553,16000,16,"pm2_5",4897,36.6163024
0.0431790073721402,0.0983133579658012,0.0712572900507576,0.0203749454427519,16000,20,"pm2_5",4985,36.6163024
0.0429824336026034,0.0930761036837634,0.0679070355942024,0.012564594179674,18000,50,"pm2_5",6032,35.79115496
0.042868637868578,0.0986402710298612,0.0718150655924456,0.0206730425311611,16000,18,"pm2_5",4952,36.6163024
0.0427557948881984,0.0925984913923134,0.0678729815113213,0.0131558628270576,18000,48,"pm2_5",6031,35.79115496
0.0426685623980903,0.0990344881595017,0.0702442304974915,0.0242404125642908,16000,58,"aqi",4867,36.6163024
0.0425344924588191,0.0919968613274363,0.0677796233032779,0.0124121003995488,18000,28,"pm2_5",6021,35.79115496
0.0425323005279875,0.112035470455909,0.0778030122041475,0.0262620970436648,12000,14,"pm2_5",3129,37.7583355
0.0423393564741315,0.188711502163092,0.114632387962948,0.056459908228971,6000,44,"aqi",737,40.22787247
0.0423229417684188,0.0924608203746022,0.0675479945977463,0.0134329902548656,18000,26,"pm2_5",6017,35.79115496
0.0418984109451738,0.154707182906647,0.0963706524260522,0.0637914633853598,8000,54,"aqi",1132,40.22787247
0.0418515787434778,0.092032252094832,0.0664574303800818,0.0182831553515128,18000,22,"pm2_5",5993,35.79115496
0.0415059548554026,0.0923633619832677,0.0669901340728548,0.0153078165591443,18000,24,"pm2_5",6008,35.79115496
0.041500075342541,0.187915810448939,0.114701822829041,0.0448853352898536,6000,46,"aqi",757,40.22787247
0.0414530278329903,0.0881057679166482,0.0650282550760882,0.0148150154493899,20000,34,"pm2_5",6604,35.79115496
0.0412089497945676,0.0879091622277,0.0646230596664708,0.0134543830405876,20000,28,"pm2_5",6595,35.79115496
0.0410942757405452,0.088440732084393,0.0645136410009547,0.0138819125471301,20000,48,"pm2_5",6606,35.79115496
0.0410403009016273,0.0886585552517266,0.0645531619448081,0.0133360182080071,20000,50,"pm2_5",6607,35.79115496
0.0408621748802269,0.0902868821351391,0.0652175501367139,0.0161903561809672,18000,18,"pm2_5",5925,35.79115496
0.0406168298932508,0.0896098336216688,0.0653503986573342,0.0158113175550143,20000,30,"pm2_5",6601,35.79115496
0.0405535641870492,0.0875977381051011,0.064384955155022,0.0143915822966398,20000,26,"pm2_5",6591,35.79115496
0.0402991287070497,0.0897275676018327,0.0650198011645963,0.0192523608658987,18000,60,"aqi",5859,35.79115496
0.0402961077925369,0.0883774416139789,0.064770879400691,0.0144207161682257,20000,38,"pm2_5",6605,35.79115496
0.0397808000543392,0.0877467162620397,0.0640823588440264,0.0163529502309886,20000,24,"pm2_5",6581,35.79115496
0.0396787205700182,0.107918328808573,0.0725246125579576,0.0274483515492499,12000,54,"aqi",3090,37.7583355
0.0396132526577698,0.111742990578081,0.0732013143064247,0.0283220469818261,12000,52,"aqi",3009,37.7583355
0.03960429082578,0.0868458070805416,0.0630666681997552,0.0194835234830695,20000,22,"pm2_5",6563,35.79115496
0.0392927007310846,0.0884218521829749,0.064721626282147,0.0158792483657489,18000,20,"pm2_5",5960,35.79115496
0.0392569121486439,0.0983302892571509,0.0687065417924827,0.0303064988333019,14000,56,"aqi",4237,36.6163024
0.0389669115869703,0.120477716728292,0.0782638740681945,0.0309382440782877,10000,56,"aqi",2157,38.02080697
0.0386747015448562,0.0884295806337193,0.0639797983038,0.0182724326255126,18000,16,"pm2_5",5857,35.79115496
0.0375226957738608,0.0856928303553958,0.0612801837748467,0.016504550524731,20000,18,"pm2_5",6487,35.79115496
0.0371801787176429,0.103314621982636,0.0691965576131695,0.0320340252096666,14000,38,"aqi",3395,36.6163024
0.0370520886388712,0.110783116915774,0.0746374993084331,0.0149516172983531,12000,46,"aqi",2875,37.7583355
0.0370234033024596,0.0883519761053153,0.0625723663360341,0.0217082724577666,18000,58,"aqi",5820,35.79115496
0.0367305128630405,0.0977272615003869,0.0673238755860202,0.0307575183271979,14000,14,"pm2_5",4219,36.6163024
0.0366859666690288,0.0854206873866613,0.0613718553911409,0.0156678048990231,20000,20,"pm2_5",6527,35.79115496
0.03645391559509,0.0850934580578519,0.0608372716904943,0.0195994049319071,20000,60,"aqi",6418,35.79115496
0.0357143990776684,0.0922703249094921,0.0626670133037226,0.0275386688524498,16000,56,"aqi",4817,36.6163024
0.035195925457972,0.084256250848072,0.0601384406626118,0.0188359735153668,20000,16,"pm2_5",6415,35.79115496
0.0346540443081548,0.111289336028593,0.0724462709345105,0.0356581612320372,12000,40,"aqi",2620,37.7583355
0.0345749837803799,0.0987546593913814,0.0662689457878326,0.0335634594864379,14000,40,"aqi",3549,36.6163024
0.0340562917968721,0.0961105372717605,0.0651336863203056,0.0347009083751874,16000,40,"aqi",4062,36.6163024
0.0340083725561712,0.111993570399048,0.0719681050529255,0.0313723722865506,12000,38,"aqi",2499,37.7583355
0.0338387857716506,0.083288067028228,0.0579043476803771,0.020819459280793,20000,58,"aqi",6373,35.79115496
0.0335278407442302,0.0968929886822121,0.0653083110251438,0.0258750900874563,14000,10,"pm2_5",3681,36.6163024
0.03340959028585,0.102873026139649,0.0689910108648231,0.0170642385964253,12000,50,"aqi",2974,37.7583355
0.0333824917873985,0.089337495685959,0.0608113524026595,0.0281356118581959,16000,14,"pm2_5",4796,36.6163024
0.0330396361719311,0.0941362059858066,0.0628935311155863,0.0214744139503946,14000,46,"aqi",3878,36.6163024
0.0327499111777462,0.0938056938012116,0.0628839099997382,0.031011013261481,16000,38,"aqi",3889,36.6163024
0.0324927430719696,0.092514920593404,0.0632784168827188,0.0266382858888113,16000,10,"pm2_5",4207,36.6163024
0.0324007607046409,0.102996060986711,0.069760417801797,0.0086949010122799,12000,48,"aqi",2919,37.7583355
0.0321135886853398,0.101485340035048,0.0665467729094854,0.0215828448119039,14000,34,"aqi",3086,36.6163024
0.0319417833716448,0.109934362664686,0.0710090705717842,0.0242426401424088,12000,10,"pm2_5",2716,37.7583355
0.03121076242639,0.104654990075942,0.0680753640940212,0.0159519244483736,12000,12,"pm2_5",2977,37.7583355
0.0308199588118348,0.090693975929418,0.0618814163314122,0.0296005259864601,14000,54,"aqi",4171,36.6163024
0.0304323340394139,0.0811864415023922,0.0560553946935039,0.0254793671168388,18000,56,"aqi",5759,35.79115496
0.0303319496508888,0.0886924689586997,0.0600117393857339,0.0226626163394213,16000,46,"aqi",4425,36.6163024
0.029678499871932,0.0978394860895772,0.0646846377809879,0.0231477349042594,14000,36,"aqi",3298,36.6163024
0.0295946950972438,0.10246313413528,0.0666296834539576,0.0288642802884222,14000,32,"aqi",2865,36.6163024
0.0290855860624723,0.102378819606254,0.0676551985189344,0.0184693309685474,12000,44,"aqi",2809,37.7583355
0.0289590296961199,0.176949918224409,0.101599033790548,0.0634068691779974,6000,10,"pm2_5",713,40.22787247
0.0289146029702881,0.152474229690029,0.0904050818648846,0.062069924639532,8000,52,"aqi",1104,40.22787247
0.0288163129377196,0.115125261289033,0.070769234207952,0.0331998294155037,14000,6,"pm2_5",2043,36.6163024
0.0288074323503306,0.079814689061859,0.053845881113015,0.0261603569856335,18000,14,"pm2_5",5735,35.79115496
0.0285175630872389,0.0867917004282955,0.057491807776523,0.0250161215153826,16000,44,"aqi",4331,36.6163024
0.0284800945962872,0.123938672432643,0.0782639380199246,0.0163504109554976,12000,26,"aqi",1570,37.7583355
0.0281644865642305,0.0845123566638134,0.0569951320919988,0.0350605621467058,18000,40,"aqi",4821,35.79115496
0.0281139182166198,0.0909832581713509,0.0596779128747025,0.0292562686320991,14000,52,"aqi",4073,36.6163024
0.0276734300150726,0.0904722776814851,0.0597288883395448,0.0252032625598309,14000,44,"aqi",3794,36.6163024
0.0276714839469382,0.0842956406489971,0.0561088128691149,0.0268330484733803,16000,54,"aqi",4748,36.6163024
0.027657069663197,0.0962899914688846,0.0622389608238157,0.0250298354556792,14000,8,"pm2_5",3040,36.6163024
0.0275718792344441,0.187176569589982,0.107641740964659,0.0741692621194427,6000,40,"aqi",680,40.22787247
0.0273119280187573,0.142082518178185,0.0789798743321346,0.030336283076741,8000,12,"pm2_5",1094,40.22787247
0.0269817617839435,0.0841872520947103,0.0551876054357952,0.0268319674241298,16000,52,"aqi",4644,36.6163024
0.0268545110953083,0.113391589958854,0.072676944405455,0.0286986916863815,10000,14,"pm2_5",2146,38.02080697
0.026774945655389,0.107783550458086,0.0681101723349014,0.0193324010379565,12000,34,"aqi",2262,37.7583355
0.0267541627571401,0.0890954658161233,0.0564916570602057,0.0204075362113101,14000,12,"pm2_5",4030,36.6163024
0.0265664266429042,0.1173140952805,0.0720955996443168,0.0356856092680665,14000,24,"aqi",1900,36.6163024
0.0264927060293881,0.0795483382115234,0.0533924860868569,0.02049243321635,18000,46,"aqi",5279,35.79115496
0.0264359057774854,0.0759880086874349,0.0515445649987429,0.0249192259269138,20000,56,"aqi",6303,35.79115496
0.026014991649605,0.0871296265222589,0.0562580379269231,0.0218850798975227,14000,50,"aqi",4025,36.6163024
0.0258948188079624,0.0871422065282503,0.0561300823071128,0.0155448190338249,14000,48,"aqi",3947,36.6163024
0.0258730093641929,0.0746371316271531,0.049948998939837,0.02590316126835,20000,14,"pm2_5",6275,35.79115496
0.0254238614320745,0.0885737694971698,0.0567910948326494,0.0218498561735552,16000,36,"aqi",3781,36.6163024
0.0252827203807626,0.0800269183457571,0.0523778760776943,0.0246813407299194,18000,10,"pm2_5",5002,35.79115496
0.0245921140105563,0.0810874373789586,0.0519368143892641,0.0208559563057141,16000,50,"aqi",4590,36.6163024
0.0245474664551967,0.109518807271853,0.0677196350525734,0.0268287148750445,14000,26,"aqi",2154,36.6163024
0.0244977022431781,0.0771870578900157,0.0520128545008856,0.0376045262410489,20000,40,"aqi",5282,35.79115496
0.0244604318574046,0.108562388960333,0.067731963224035,0.0342670367125503,10000,52,"aqi",2057,38.02080697
0.0241396446796727,0.108461353661734,0.0657362849070391,0.0220629792655348,12000,32,"aqi",2096,37.7583355
0.0240826817760268,0.0804354202179874,0.0523209845160259,0.0165380859433766,16000,48,"aqi",4501,36.6163024
0.0240047263078058,0.075440432652524,0.0499286151844575,0.0238149857954633,18000,54,"aqi",5676,35.79115496
0.0237154519874825,0.110928422092335,0.0669239479309637,0.0351470763328819,10000,54,"aqi",2116,38.02080697
0.0232541123010519,0.102723035840748,0.065113063604228,0.0226706364542908,12000,36,"aqi",2420,37.7583355
0.0231728307008004,0.0753850821997311,0.0492973388166624,0.0241590227615778,18000,52,"aqi",5548,35.79115496
0.0231281167163989,0.0809391666111905,0.0528527024850671,0.0193181703825357,16000,12,"pm2_5",4597,36.6163024
0.0226117290942559,0.0768900892064434,0.0488867502931086,0.0213856776094358,18000,44,"aqi",5152,35.79115496
0.0223104869710936,0.0870999175900807,0.0557861822716507,0.01821243020059,16000,34,"aqi",3541,36.6163024
0.022233146447933,0.0744037235535315,0.0482869136914137,0.0159738992816504,18000,48,"aqi",5373,35.79115496
0.0221358382894673,0.141820759831489,0.0833222787089618,0.033403485805093,8000,46,"aqi",1049,40.22787247
0.0220215687931383,0.0801726031822988,0.0505419618184705,0.0314284586966218,18000,38,"aqi",4612,35.79115496
0.0219999282518447,0.0712177139131939,0.046465365042309,0.0240962962138419,20000,54,"aqi",6212,35.79115496
0.0218953675422648,0.0737914606245935,0.0476670064717043,0.0270625167606218,20000,10,"pm2_5",5473,35.79115496
0.0218097181439102,0.0745115999793165,0.0489472612551065,0.0220862994472456,20000,46,"aqi",5775,35.79115496
0.0218042522611985,0.104823342269997,0.064751302329329,0.0228704729806481,12000,8,"pm2_5",2226,37.7583355
0.0207211925947645,0.101011908393542,0.0586647329745693,0.0365047045356671,14000,28,"aqi",2338,36.6163024
0.0205991807417859,0.122954300414104,0.070361572148923,0.0207225481535881,12000,6,"pm2_5",1490,37.7583355
0.0203907101769714,0.108140288548578,0.0638593096746099,0.0094278250132991,10000,46,"aqi",1958,38.02080697
0.0199448424264731,0.0728816992764877,0.04631668152336,0.0177572168333994,18000,50,"aqi",5481,35.79115496
0.0194352582176472,0.149606574027143,0.0806687814317611,0.0433440944296239,8000,44,"aqi",1020,40.22787247
0.0192716101721195,0.0720969704436337,0.0463029445422777,0.0162659600999994,18000,12,"pm2_5",5490,35.79115496
0.0191698845139313,0.0698215566882587,0.045364972467347,0.0240470242399117,20000,52,"aqi",6073,35.79115496
0.0190230438816851,0.0732458130493934,0.0459401275219504,0.0350925200988777,20000,38,"aqi",5054,35.79115496
0.0186451328821076,0.0700182180044997,0.0446431122566954,0.0170244749098867,20000,48,"aqi",5878,35.79115496
0.0186054665504332,0.116938609084197,0.0678393521132906,0.0261362307887281,12000,28,"aqi",1712,37.7583355
0.0185322303631685,0.0859484250658839,0.0518661744473236,0.0235411904766667,16000,32,"aqi",3296,36.6163024
0.0185038972370577,0.0688837061953604,0.0433503162186404,0.0170210588178994,20000,12,"pm2_5",6011,35.79115496
0.0182948719488276,0.0705102765958963,0.0445897873045701,0.0237041403457165,20000,44,"aqi",5640,35.79115496
0.0182319578066456,0.0847103464975266,0.0506976059160854,0.0211684150527417,16000,8,"pm2_5",3493,36.6163024
0.0175062170809865,0.141902297811134,0.0831547692439349,0.027115880386231,8000,48,"aqi",1063,40.22787247
0.0171978637103622,0.0677475809061082,0.0428976052392173,0.0185164459012319,20000,50,"aqi",6001,35.79115496
0.0169554191923439,0.1153146451486,0.0684882886016548,0.040852398891748,14000,22,"aqi",1566,36.6163024
0.0149137355633659,0.139856104267939,0.0795841014569092,0.0322269429572121,8000,50,"aqi",1092,40.22787247
0.0130337472424854,0.0722562255062374,0.0425311156606936,0.0217387625725881,18000,36,"aqi",4475,35.79115496
0.0127630251615822,0.097102298792188,0.0538468377596507,0.0123167077921065,10000,12,"pm2_5",2037,38.02080697
0.0124457164457083,0.0994472315905309,0.0553784016457302,0.0139402941239934,10000,50,"aqi",2034,38.02080697
0.0114500952574193,0.100826636259593,0.0560939298585256,0.00163442234230906,10000,48,"aqi",1988,38.02080697
0.00944893376744507,0.0893990096719873,0.050089716737223,0.0288999151056735,16000,6,"pm2_5",2380,36.6163024
0.00942037977489627,0.0861680878726673,0.048443240685677,0.0306871771043225,14000,30,"aqi",2614,36.6163024
0.00922423301491387,0.353020017626333,0.189219143222983,0.026621425832966,16000,2,"pm2_5",114,36.6163024
0.00907214656476664,0.0996085844664951,0.0542484933535463,0.0151555906379519,10000,44,"aqi",1909,38.02080697
0.00847363280561023,0.0695004591657069,0.0396589016947828,0.0182865194016143,18000,34,"aqi",4199,35.79115496
0.0083981337791295,0.0632831879795978,0.0362912212610765,0.0227534599700074,20000,36,"aqi",4900,35.79115496
0.00824926720691937,0.099123769680498,0.0550359563054411,0.0180007037784852,10000,10,"pm2_5",1837,38.02080697
0.00823986255989913,0.113630287916597,0.0614228044557224,0.0135704380273516,12000,24,"aqi",1380,37.7583355
0.00729234840626741,0.0855691280503271,0.0454738597737825,0.0215167468975665,16000,26,"aqi",2507,36.6163024
0.00681346344779729,0.09247227317688,0.051589615326889,0.0324787358154671,16000,24,"aqi",2209,36.6163024
0.0061573822658536,0.133666465618072,0.0701584743029114,0.0498075875791723,8000,10,"pm2_5",985,40.22787247
0.00561016470771441,0.0672843382268168,0.0356967188905189,0.021498043948379,18000,8,"pm2_5",4143,35.79115496
0.00508487356535894,0.137425490771247,0.0713479852809456,0.0571578542287248,8000,40,"aqi",941,40.22787247
0.00503517258486689,0.0984082457868705,0.0524510931446525,0.0376355261586653,16000,22,"aqi",1830,36.6163024
0.00410420294234504,0.0973823863222189,0.0492271880487,0.0245414771828216,10000,40,"aqi",1765,38.02080697
0.00365780526225053,0.0622762748917959,0.0337158161572667,0.0250338023952301,20000,32,"aqi",4273,35.79115496
0.00353692728977134,0.0810948550291983,0.04225138221403,0.0271727114162262,18000,24,"aqi",2597,35.79115496
0.00344851353541677,0.0673333149135998,0.0372869917922209,0.0228401940489842,18000,32,"aqi",3905,35.79115496
0.00341674425646928,0.0949857684671365,0.0522982943023767,0.0255827989224083,12000,30,"aqi",1914,37.7583355
0.00263566063446249,0.0815224982128146,0.0421908515429258,0.0298454541319703,16000,28,"aqi",2718,36.6163024
0.00227861371823227,0.0763134243233559,0.0405159049112486,0.0273497197084893,20000,24,"aqi",2831,35.79115496
0.00227442969608308,0.0738631030144845,0.0360775548951792,0.0278593008172376,20000,6,"pm2_5",3063,35.79115496
0.00194338125382167,0.0609853137412299,0.0319714564289037,0.0189371806534568,20000,34,"aqi",4601,35.79115496
-0.0945559542652665,-0.00150675555679625,-0.0486875647059076,-0.014298922522651,20000,22,"pm2_5",1807,25.6112362
-0.0948152571994648,0.00111788636862109,-0.0488582558364826,-0.010707073470789,20000,20,"pm2_5",1800,25.6112362
-0.0953598829289635,-0.0021452125068222,-0.0503965773225241,-0.0172186541283266,20000,24,"pm2_5",1812,25.6112362
-0.0967762900896535,-0.0036879762833957,-0.0507115496687996,-0.00922678038583727,18000,20,"pm2_5",1764,25.6112362
-0.0971360510255062,-0.00365712727820308,-0.0504290925054433,-0.0128330587583596,18000,22,"pm2_5",1771,25.6112362
-0.0982467893465313,-0.00539728615920219,-0.0531406016651939,-0.0214701941554107,20000,28,"pm2_5",1819,25.6112362
-0.0983837855549375,-0.00392582749853263,-0.0520873343575493,-0.0157734552418671,18000,24,"pm2_5",1776,25.6112362
-0.0988683050396471,-0.00793864729475411,-0.0546090748805357,-0.0236868771470486,20000,32,"pm2_5",1822,25.6112362
-0.0995248986749076,-0.00848201902095768,-0.0555616833914798,-0.00809891786587964,20000,18,"pm2_5",1778,25.6112362
-0.0995828765295673,-0.00849564149031421,-0.0546003378596577,-0.0207862758239409,18000,30,"pm2_5",1784,25.6112362
-0.100229569916615,-0.00584158202191389,-0.052990497370891,-0.0221956180207413,20000,30,"pm2_5",1820,25.6112362
-0.101527029897283,-0.0116211099834531,-0.057827280392138,-0.0267295049981082,20000,36,"pm2_5",1826,25.6112362
-0.102926633957853,-0.00827610529750924,-0.0537665857106,-0.0208804364054595,20000,26,"pm2_5",1818,25.6112362
-0.103275789026215,-0.0114065636637701,-0.0586607534242838,-0.0245827596088738,18000,34,"pm2_5",1789,25.6112362
-0.103467899607521,-0.00797339296989631,-0.0562293598019999,-0.0222932328720895,18000,32,"pm2_5",1786,25.6112362
-0.103604004922112,-0.0136358237951956,-0.0594679967048867,-0.0253699748654386,18000,36,"pm2_5",1790,25.6112362
-0.10455830901675,-0.00927434851908759,-0.0570250881772384,-0.0259517404437436,20000,34,"pm2_5",1825,25.6112362
-0.104873633944101,-0.0122709853803616,-0.0599203481087723,-0.00126303863310354,20000,60,"aqi",1754,25.6112362
-0.105365708068339,-0.00989239935179226,-0.0547807235132751,-0.0200538130312203,18000,28,"pm2_5",1783,25.6112362
-0.105615605231228,-0.0111295363820845,-0.0566086617259577,-0.00737211506673009,18000,18,"pm2_5",1743,25.6112362
-0.106352620499522,-0.0141655784777632,-0.0614595282346513,-0.00127204581351237,18000,60,"aqi",1719,25.6112362
-0.106518449701354,-0.0155935345952712,-0.0612863649471023,-0.0311765631018369,20000,56,"pm2_5",1832,25.6112362
-0.107253724482311,-0.015123379969821,-0.0604917235888989,-0.0303994503502562,20000,38,"pm2_5",1831,25.6112362
-0.107741490315896,-0.0133062890813025,-0.0618201127597891,-0.0017269948678576,20000,16,"pm2_5",1750,25.6112362
-0.10813328435074,-0.0101211159683389,-0.0554434370922905,-0.0194613788905089,18000,26,"pm2_5",1782,25.6112362
-0.108807678852243,-0.0154214097065968,-0.0635087155510937,-0.00131010052087596,18000,16,"pm2_5",1715,25.6112362
-0.109263272585274,-0.013760069628332,-0.0621065030293542,-0.0290796586884881,18000,38,"pm2_5",1795,25.6112362
-0.111264975862711,-0.0274165978358726,-0.069882748552196,-0.0105232346434602,12000,28,"pm2_5",1999,27.736286
-0.111608216238484,-0.0235558137485193,-0.068976639206411,-0.00736820683368034,12000,22,"pm2_5",1992,27.736286
-0.111622226434104,-0.0128915832025549,-0.0629060745252365,-0.0298793481118605,18000,56,"pm2_5",1796,25.6112362
-0.113297517016661,-0.0256391244487925,-0.0706173809214813,-0.0100932362722973,12000,26,"pm2_5",1998,27.736286
-0.113876487791909,-0.0251262740637616,-0.0696457937281191,-0.0110965234583517,12000,30,"pm2_5",2000,27.736286
-0.114718064487701,-0.0255442262376381,-0.0709915435620612,-0.012429596100206,12000,36,"pm2_5",2002,27.736286
-0.115101059303968,-0.0197829187529278,-0.0711366618237728,0.00753569454782277,20000,58,"aqi",1725,25.6112362
-0.115185764061218,-0.0285602732709089,-0.0711867541808456,-0.00581587501038015,12000,20,"pm2_5",1987,27.736286
-0.115207247455892,-0.0254734233412999,-0.0694414025793098,-0.00824772545691422,12000,24,"pm2_5",1994,27.736286
-0.115274973108076,-0.0251067287422568,-0.070319261424889,-0.011743536926108,12000,34,"pm2_5",2001,27.736286
-0.116106147350698,-0.0276881627900587,-0.0734163552991856,-0.000717075059300302,12000,18,"pm2_5",1970,27.736286
-0.116836018659029,-0.0292640258130202,-0.0724830187418733,0.00048913222034882,12000,60,"aqi",1947,27.736286
-0.117292182799877,-0.00992427619349635,-0.0639944194531757,0.0340613901543203,20000,10,"pm2_5",1356,25.6112362
-0.117634363461195,-0.0301816388045362,-0.0736688679030513,-0.015074809760357,12000,38,"pm2_5",2006,27.736286
-0.118035738422487,-0.00148546694646464,-0.0587671401534074,0.0437218477886572,10000,48,"aqi",1262,27.9276559
-0.118704626007149,-0.019836771035702,-0.0703229292152525,0.00655093623169525,12000,40,"aqi",1494,27.736286
-0.119120815657483,-0.0207691702565598,-0.0736050303480498,0.0073996809866904,18000,58,"aqi",1690,25.6112362
-0.120220033529705,-0.00985389905278783,-0.0660816134948676,0.0257779761174727,20000,40,"aqi",1293,25.6112362
-0.121274715851029,-0.0208595340975225,-0.0750868005101286,-0.0270224644534598,16000,32,"pm2_5",1546,26.39418217
-0.12233677051349,-0.0274943876395077,-0.0772948707391385,0.00555306837523453,20000,56,"aqi",1701,25.6112362
-0.122433439350733,-0.0302906580336938,-0.0756837505802979,-0.000476183439814771,12000,16,"pm2_5",1944,27.736286
-0.1225253217043,-0.0188635084210387,-0.0718778955764338,-0.0193637459864519,16000,22,"pm2_5",1535,26.39418217
-0.123210833511887,-0.0238080544320216,-0.0742758265486839,-0.0253843337730582,16000,28,"pm2_5",1544,26.39418217
-0.123933131111459,-0.0271760612205873,-0.0731520000513146,-0.0159916648468471,16000,20,"pm2_5",1529,26.39418217
-0.124305225120056,-0.0227855467511818,-0.0713634450584657,0.039890865454439,20000,46,"aqi",1475,25.6112362
-0.124886289073428,-0.0244595493250743,-0.0729457802006907,-0.0219939580405367,16000,24,"pm2_5",1539,26.39418217
-0.126203915730475,-0.0218098068549428,-0.0749826810727832,-0.0247147215540609,16000,26,"pm2_5",1543,26.39418217
-0.126422977686766,-0.02055563845155,-0.0736938686836598,-0.00405386018110118,12000,38,"aqi",1425,27.736286
-0.126472854901141,-0.022101857393168,-0.0747613473124486,0.0104234423451386,12000,10,"pm2_5",1560,27.736286
-0.126925830248522,-0.0239466281574891,-0.0741403455503533,-0.0262003070593714,16000,30,"pm2_5",1545,26.39418217
-0.127461838591201,-0.030000348302272,-0.0812739726362637,0.00448380579664163,18000,56,"aqi",1667,25.6112362
-0.128163305557899,-0.0377062246996487,-0.0839583516770295,0.00786390534643855,12000,56,"aqi",1905,27.736286
-0.128279424684303,-0.0307484757103236,-0.0824548920994349,0.0108389530039225,20000,54,"aqi",1651,25.6112362
-0.128669648382398,-0.0354908527174609,-0.0820985456343075,0.0033439021425621,12000,58,"aqi",1925,27.736286
-0.128771400096266,-0.0312724358684046,-0.0779130352860551,-0.0296503226960763,16000,36,"pm2_5",1549,26.39418217
-0.128794673759294,-0.0288772258194042,-0.0769731391402001,-0.0287640375912689,16000,34,"pm2_5",1548,26.39418217
-0.129773710189179,-0.0199101443647735,-0.0730988458240306,0.00892127938135011,20000,38,"aqi",1231,25.6112362
-0.129774876802498,-0.026214192431374,-0.0770513170344331,-0.014741355642729,16000,18,"pm2_5",1511,26.39418217
-0.129957823757435,-0.0187366417141652,-0.0768282136683322,0.0212244627026071,18000,40,"aqi",1268,25.6112362
-0.13014984753704,-0.0335488599873999,-0.0836143978744073,0.00604280899252219,20000,14,"pm2_5",1682,25.6112362
-0.130347282046097,-0.00159970517284769,-0.0663189039790589,-0.0105052202645828,10000,8,"pm2_5",895,27.9276559
-0.130887301552558,-0.0308772233882068,-0.0810429776390515,-0.033788010113268,16000,38,"pm2_5",1554,26.39418217
-0.132182671665865,-0.0208572367033536,-0.0749331381663776,0.0283213077379305,18000,10,"pm2_5",1328,25.6112362
-0.13268400934993,-0.0291479187875691,-0.083524642175295,-0.00828889318317572,16000,16,"pm2_5",1485,26.39418217
-0.132804904242899,-0.0282672003667951,-0.0759004940547801,0.0215996244059058,20000,44,"aqi",1424,25.6112362
-0.132819393314313,-0.0428811446125004,-0.0890238003404941,0.0124625803856965,12000,14,"pm2_5",1886,27.736286
-0.132866491452574,-0.0298340584603026,-0.0810998171452588,0.0337236978036402,18000,46,"aqi",1443,25.6112362
-0.132896419355366,-0.0305496617798693,-0.0834554963995213,0.0329618830809411,20000,48,"aqi",1522,25.6112362
-0.133375088499554,-0.0314124815738512,-0.0810159828142947,-0.00859494013270672,16000,60,"aqi",1489,26.39418217
-0.133968353566061,-0.0320831585573414,-0.0878190501537023,0.0192476776414143,20000,52,"aqi",1589,25.6112362
-0.134526591076844,-0.0412980196101981,-0.0886643959173534,0.00854716969845331,18000,54,"aqi",1618,25.6112362
-0.134753031083445,-0.0313817386512226,-0.0819767982398495,0.029809844559231,20000,50,"aqi",1552,25.6112362
-0.135349467099536,-0.043360733539631,-0.0891479554800631,0.0162593370583913,12000,54,"aqi",1858,27.736286
-0.136817906899259,-0.0311398067423932,-0.083447623028773,0.0252247889835364,20000,12,"pm2_5",1562,25.6112362
-0.138126859322209,-0.0356330605436014,-0.0893740704061439,0.0254825092427277,18000,50,"aqi",1520,25.6112362
-0.138516308024149,-0.0391052071176487,-0.0882383736054527,0.00491201023871582,18000,14,"pm2_5",1648,25.6112362
-0.139362522111206,-0.0361007424390263,-0.0914431550368265,-0.040051607435528,14000,20,"pm2_5",1399,26.39418217
-0.139926916333849,-0.0319685802232446,-0.0884145783018473,-0.041723350256298,14000,22,"pm2_5",1404,26.39418217
-0.140426882816901,-0.0340086128756026,-0.0851071917875111,0.0181747317907887,18000,44,"aqi",1393,25.6112362
-0.141824672875118,-0.0447435946107203,-0.0924174269165072,0.00747061818091782,12000,44,"aqi",1629,27.736286
-0.142406672702814,-0.047860193458433,-0.0956836166117711,0.021642015193214,12000,50,"aqi",1765,27.736286
-0.143272435027031,-0.0400789298107177,-0.0928045883422601,-0.0467350075779103,14000,34,"pm2_5",1415,26.39418217
-0.143531924332425,-0.0377645295211411,-0.0906177856646327,0.0211280523983882,18000,12,"pm2_5",1530,25.6112362
-0.143554646577963,-0.0456790495089612,-0.0942829417251496,0.0154609834356843,18000,52,"aqi",1557,25.6112362
-0.143583717914935,-0.037006748753082,-0.0919257528966725,0.027892914606287,18000,48,"aqi",1490,25.6112362
-0.143660579368595,-0.0354767710708625,-0.0908604373619711,-0.0457927444656712,14000,30,"pm2_5",1413,26.39418217
-0.143982027496425,-0.036156695539499,-0.0911329266177976,-0.0453293164907609,14000,28,"pm2_5",1412,26.39418217
-0.144988964455384,-0.0392112506298533,-0.0901977022990111,-0.0431316561169894,14000,24,"pm2_5",1407,26.39418217
-0.145520408538186,-0.0531388520121593,-0.0977641901025343,0.0198242386375093,12000,12,"pm2_5",1771,27.736286
-0.145641737958836,-0.028015398483314,-0.0851658295727874,0.00112369758345334,18000,38,"aqi",1207,25.6112362
-0.145683691990883,-0.0410002362436644,-0.0918337365260717,-0.0462734613114164,14000,32,"pm2_5",1414,26.39418217
-0.146055260841118,-0.0428930529953756,-0.0938813596399165,0.000842519086102353,16000,58,"aqi",1461,26.39418217
-0.146510665196639,-0.0382830815863849,-0.0937730003693835,-0.0471624250358877,14000,36,"pm2_5",1416,26.39418217
-0.147152607916181,-0.0505942458420647,-0.0982522345992137,0.0139460539143805,12000,46,"aqi",1680,27.736286
-0.147423061114943,-0.0420839065748609,-0.0952552289340781,-0.0342267545051272,14000,18,"pm2_5",1382,26.39418217
-0.148174443200819,-0.0296424568988509,-0.0844255222107079,0.0161825608493089,16000,40,"aqi",1076,26.39418217
-0.148187655793924,-0.057645738589038,-0.102615768145522,0.0127094659011346,12000,52,"aqi",1800,27.736286
-0.149908803007783,-0.0425252335411964,-0.101542588708803,0.0253440218836358,16000,46,"aqi",1233,26.39418217
-0.150592416846757,-0.0255788761496354,-0.0910922111518587,-0.00708431548288124,16000,38,"aqi",1020,26.39418217
-0.150595843729821,-0.0407645935771437,-0.0920669836611666,-0.0449420987369385,14000,26,"pm2_5",1411,26.39418217
-0.151314216387517,-0.0350332791875628,-0.0944090898324118,0.00540228283774032,20000,36,"aqi",1159,25.6112362
-0.151586537034254,-0.0455549830867081,-0.0968357897275602,-0.0298453903347383,12000,36,"aqi",1354,27.736286
-0.1519863172713,-0.0309760897053897,-0.0882160184335651,0.0209884384760886,16000,10,"pm2_5",1130,26.39418217
-0.151994809954536,-0.0556342790280909,-0.106325512424156,0.012664770551968,12000,48,"aqi",1727,27.736286
-0.152889139505533,-0.0468498359149344,-0.0988998338741118,-0.0342291904035854,14000,60,"aqi",1362,26.39418217
-0.153662626568665,-0.00903948399447764,-0.0843489428736366,0.00324640863057475,12000,26,"aqi",756,27.736286
-0.154496422329004,-0.0523345064132187,-0.101725486558446,-0.00277425052498586,16000,56,"aqi",1440,26.39418217
-0.155122270470759,-0.0311333939815077,-0.088295396261866,-0.00667114681306374,12000,30,"aqi",982,27.736286
-0.155143598603523,-0.0448200019815637,-0.0968109640806244,-0.0491077114038049,14000,38,"pm2_5",1421,26.39418217
-0.15563704306325,-0.0441178375602483,-0.0995551265521805,-0.0400531143873202,12000,34,"aqi",1234,27.736286
-0.156623455877649,-0.0465360178860206,-0.102464034338843,-0.0213050626784813,12000,32,"aqi",1110,27.736286
-0.158857814807713,-0.00849729922768144,-0.0883069286883651,-0.0191822871674641,16000,30,"aqi",663,26.39418217
-0.159471561529592,-0.04280356928505,-0.101945994539485,0.0115600637406563,16000,44,"aqi",1188,26.39418217
-0.159744852171864,-0.0503821637269132,-0.106882001823792,0.0180803953800932,16000,50,"aqi",1304,26.39418217
-0.16059656051059,-0.0278080476684597,-0.0910375047091654,-0.000918672006041158,12000,28,"aqi",847,27.736286
-0.160718677153368,-0.0374361280613028,-0.10085936547459,-0.0166104628627635,14000,40,"aqi",994,26.39418217
-0.161353690846737,-0.0508194379359325,-0.10317006189417,-0.0349802683238586,14000,16,"pm2_5",1359,26.39418217
-0.161931250847308,-0.0555374770463361,-0.107628878161514,0.00164693650271479,16000,54,"aqi",1393,26.39418217
-0.162282442592173,-0.055765415253951,-0.10835754055662,-0.00229816460797707,16000,14,"pm2_5",1422,26.39418217
-0.162498323125222,0.000916067043825614,-0.086282591323505,-0.00246490894808681,20000,6,"pm2_5",570,25.6112362
-0.163231997359596,-0.0510671195637444,-0.108617906364568,-0.00563656388074619,18000,36,"aqi",1136,25.6112362
-0.164756705524012,-0.00165715749422405,-0.088432645028178,-0.0131308279070096,20000,26,"aqi",603,25.6112362
-0.1654134883704,-0.058255287332467,-0.110098880000443,0.0146047653988539,16000,12,"pm2_5",1311,26.39418217
-0.165544765179413,-0.0537186672542493,-0.104939643399637,-0.0412059952032579,12000,8,"pm2_5",1209,27.736286
-0.166235745326589,-0.0136309671766471,-0.089817240749994,-0.0103928184428189,18000,26,"aqi",595,25.6112362
-0.167309698554715,-0.00551024526389436,-0.0887118250675055,0.000534767536962846,18000,6,"pm2_5",562,25.6112362
-0.167385907622503,-0.0438519124104104,-0.108604996710938,-0.0100904456495425,14000,10,"pm2_5",1042,26.39418217
-0.168464069533054,-0.0625291860943149,-0.113370620267017,-0.0299717684770959,14000,58,"aqi",1339,26.39418217
-0.169504386910835,-0.0411581316885008,-0.103822904537646,-0.0306524369292499,14000,38,"aqi",944,26.39418217
-0.170435004271906,-0.0585339193899048,-0.11279157698948,0.0187144665850319,16000,48,"aqi",1279,26.39418217
-0.170904459948056,-0.0125915176248284,-0.0904302136072178,-0.0242550131954216,10000,26,"aqi",582,27.9276559
-0.1710621140962,-0.0163819513418301,-0.0929973462534511,-0.0260360526556515,14000,30,"aqi",612,26.39418217
-0.17223049813474,-0.063958680203191,-0.117949974628197,0.00839345422325775,16000,52,"aqi",1336,26.39418217
-0.173437094499665,-0.0514611088162855,-0.116689343016442,-0.0442049479980285,20000,34,"aqi",1041,25.6112362
-0.173774448636502,-0.0519997102140899,-0.113560187669361,-0.0156575099168496,16000,36,"aqi",954,26.39418217
-0.174020168316006,-0.0641635547586959,-0.119145842113333,-0.0243713848547847,14000,56,"aqi",1320,26.39418217
-0.180340820055965,-0.0657056641715018,-0.126295535157789,0.000200201288869347,14000,50,"aqi",1197,26.39418217
-0.181073882732839,-0.0729554587537836,-0.126646098870649,-0.0135251510233948,14000,54,"aqi",1276,26.39418217
-0.181828374361709,-0.0704149684822249,-0.126814242449678,-0.0193105841081581,14000,14,"pm2_5",1304,26.39418217
-0.182087687025556,-0.0628496818701559,-0.120916515399505,-0.0414833394913667,20000,8,"pm2_5",1018,25.6112362
-0.182308855056903,-0.0655691811001029,-0.123672284430378,-0.0133879344974584,14000,44,"aqi",1096,26.39418217
-0.185324741251696,-0.067097438725495,-0.126151579902487,-0.00467037262017748,14000,46,"aqi",1135,26.39418217
-0.186938986123801,-0.0440265894973159,-0.119441578363943,-0.0306706990451583,20000,30,"aqi",802,25.6112362
-0.187934639613333,-0.0418798153228444,-0.116703457252801,-0.0342415287128424,20000,28,"aqi",687,25.6112362
-0.18935264811421,-0.075841953259559,-0.132630622665072,-0.00670466648327154,14000,48,"aqi",1174,26.39418217
-0.189593077513364,-0.07726002157215,-0.128927654524271,-0.00253787563562223,14000,12,"pm2_5",1204,26.39418217
-0.189665361102342,-0.0624647353140009,-0.126094371806378,-0.0544704559125747,16000,34,"aqi",856,26.39418217
-0.189671749541833,-0.0483196429272843,-0.119611578777529,-0.0255278954000132,18000,30,"aqi",791,25.6112362
-0.191208045390895,-0.0596609060759222,-0.124690479514411,-0.0517416928574305,16000,8,"pm2_5",837,26.39418217
-0.19182875842424,-0.0587600851031006,-0.131079175668643,-0.0540669628468434,14000,36,"aqi",882,26.39418217
-0.192449277867692,-0.0811616557631617,-0.138269731282988,-0.0119750914929254,14000,52,"aqi",1226,26.39418217
-0.19277072592061,-0.0693316799906874,-0.131252438885646,-0.0490493664942861,18000,34,"aqi",1020,25.6112362
-0.194202211948654,-0.0544292395465292,-0.126814863380932,-0.0681127156517233,14000,8,"pm2_5",775,26.39418217
-0.195339480004612,-0.0557167915954857,-0.126061631106383,-0.0673877992791046,14000,34,"aqi",794,26.39418217
-0.195574082111496,-0.0710924376134566,-0.132796298343702,-0.0469061197644837,18000,8,"pm2_5",999,25.6112362
-0.195576425740597,-0.0530100720246734,-0.120201116112066,-0.0327007759123555,16000,32,"aqi",757,26.39418217
-0.195815477327742,-0.0460679300583398,-0.116406754993738,-0.0309623449598403,18000,28,"aqi",679,25.6112362
-0.19717712705634,-0.0488158858855964,-0.12389946583385,-0.0429796704331077,14000,32,"aqi",701,26.39418217
-0.201937348827666,-0.0696376757379202,-0.140195188293408,-0.0348803217790892,18000,32,"aqi",906,25.6112362
-0.20257184133496,-0.076913444454799,-0.138483846125658,-0.0344881198161545,20000,32,"aqi",920,25.6112362
-0.62704325698734,0.0485870853624593,-0.355104694278389,-0.396284596583448,10000,10,"aqi",31,27.9276559
